{"cameraMode":{"drawMode":0,"name":"Shaded","section":"Shading Mode"},"sceneLighting":true,"audioPlay":false,"sceneViewState":{"showFog":true,"showMaterialUpdate":false,"showSkybox":true,"showFlares":true,"showImageEffects":true,"showParticleSystems":true},"in2DMode":false,"pivot":{"x":-13.059959411621094,"y":-3.4171180725097658,"z":19.748769760131837},"rotation":{"x":-0.21804843842983247,"y":0.3766632080078125,"z":-0.0917007103562355,"w":-0.8956401348114014},"size":35.840362548828128,"orthographic":false}